1,2,3,4,5,6,7,8,9,10,11,12,13,14,15,16,17,18,19,20,21,22
YMR198W,2,1,2,1,4,1,1,2,2,1,2,2,2,1,4,3,2,2,3,1,2,2
YBL052C,2,1,3,1,4,3,1,2,1,3,2,3,2,1,1,1,3,2,3,1,3,2
YIL126W,2,1,2,1,4,3,1,3,3,3,4,3,2,1,3,3,3,2,3,1,1,2
YJR137C,2,1,2,1,4,2,1,1,1,2,1,3,1,1,3,1,1,1,3,1,3,1
YCR035C,4,1,3,4,4,3,4,1,1,3,1,3,1,1,1,1,3,1,3,1,3,4
YDR219C,2,1,3,1,4,2,1,2,2,2,2,2,2,1,1,1,2,2,3,1,2,2
YNL176C,2,1,3,1,4,3,1,2,3,3,2,2,2,1,1,1,3,2,3,1,1,2
YLR455W,4,1,2,1,4,2,1,2,2,2,2,2,2,2,1,1,2,2,2,2,2,2
YCRX04W,1,1,2,1,4,3,1,2,3,3,2,2,2,2,3,3,3,2,2,3,1,2
YIL050W,2,1,3,1,4,3,1,1,1,3,1,3,1,1,1,1,3,1,3,1,3,1
YIL106W,4,1,3,4,4,1,4,2,2,1,4,3,4,1,3,4,2,2,3,1,2,2
YBL097W,4,1,3,1,4,3,1,2,3,3,2,3,2,1,3,4,3,2,1,1,1,2
YCL014W,2,1,3,1,4,3,1,2,3,3,2,2,2,1,1,1,3,2,3,1,1,2
YJL099W,2,1,3,4,4,3,1,2,1,3,2,3,2,1,1,1,3,2,3,3,3,2
YKL048C,2,1,1,1,4,2,1,1,1,2,1,1,1,2,1,1,1,1,3,2,3,1
YGL255W,2,1,2,1,4,1,1,2,1,1,2,2,4,2,3,4,2,2,2,2,3,2
YJL137C,2,1,2,1,4,3,1,2,3,3,2,2,2,1,3,1,3,2,1,1,1,2
YBR104W,1,1,2,3,3,1,3,2,2,1,2,2,4,2,3,3,2,3,2,2,2,2
YCR073C,2,1,3,4,4,3,4,3,3,3,3,3,2,1,3,3,3,2,1,3,1,2
YDL198C,4,1,4,1,4,1,1,4,1,1,1,4,4,2,4,4,1,4,3,2,3,1
YDR389W,3,1,4,1,4,1,1,2,3,1,4,2,4,2,3,4,3,2,2,3,1,2
YIL131C,2,1,2,1,4,3,1,2,3,3,2,3,2,1,3,1,3,2,1,1,1,2
YMR215W,2,1,3,1,4,3,1,2,3,3,2,2,2,2,1,1,3,2,2,3,1,2
YIL158W,2,1,3,1,4,1,1,2,2,1,2,3,4,1,4,4,2,2,3,1,2,2
YGL101W,2,1,2,1,4,2,1,2,2,2,2,2,2,2,1,1,2,2,2,2,2,2
YJR110W,2,1,1,1,4,3,4,2,3,3,2,2,2,1,1,1,3,2,3,3,1,2
YOL012C,2,3,3,1,4,1,1,2,2,1,2,3,2,2,4,4,2,2,3,2,2,2
YBL032W,2,1,2,1,4,3,1,2,3,3,2,2,2,1,3,4,3,2,1,1,1,2
YBR043C,2,1,2,1,4,1,1,2,1,1,2,2,2,1,3,4,3,2,1,1,3,2
YCL012W,2,1,2,1,4,3,1,2,3,1,4,3,2,1,3,3,3,2,1,1,1,4
YCL013W,2,1,2,1,4,3,4,3,3,3,3,2,2,1,3,3,3,2,3,1,1,2
YCL062W,2,1,2,1,4,3,1,2,3,3,2,2,2,1,3,3,3,2,3,1,1,2
YCL063W,2,1,2,1,4,3,1,2,3,3,2,2,2,1,3,3,3,2,1,1,1,2
YDR324C,1,1,2,1,4,1,1,3,3,1,4,2,4,2,3,3,3,3,2,3,1,2
YDR325W,2,1,1,1,4,3,1,2,3,3,2,2,2,2,1,1,3,2,2,3,1,2
YGR108W,2,1,2,1,4,1,1,2,2,1,4,2,4,1,3,4,2,2,3,1,2,2
YPR119W,2,1,2,1,4,1,1,2,3,1,4,3,4,1,3,4,3,2,3,1,1,2
YOL069W,4,1,3,1,4,1,1,2,1,2,2,3,2,1,1,1,2,2,3,1,3,2
YHR023W,4,1,3,1,4,1,1,4,4,1,4,3,4,1,4,4,4,4,3,1,4,4
YPL242C,2,1,3,1,4,3,1,2,3,1,4,3,2,1,3,4,3,2,1,1,1,4
YJR092W,2,1,2,1,4,1,1,2,2,1,4,3,4,1,4,4,2,3,3,1,2,2
YLR353W,2,1,2,1,4,1,1,4,1,1,4,3,4,1,4,4,2,4,3,1,3,2
YCL037C,2,1,2,1,4,3,1,3,3,3,4,3,2,1,3,3,3,4,1,1,1,4
YMR001C,4,1,3,1,4,1,1,2,2,1,4,3,4,1,4,4,2,2,3,1,2,2
YGL021W,2,1,3,1,4,1,1,2,1,1,2,3,4,1,4,4,2,2,3,1,3,2
YOR025W,4,1,3,1,4,1,1,2,1,1,4,3,4,1,1,1,2,3,3,1,3,2
YDR146C,1,1,3,1,4,1,1,2,2,1,4,3,4,2,4,4,2,3,3,2,2,2
YLR131C,2,1,3,1,4,1,1,4,1,1,4,3,4,1,4,4,2,3,3,1,3,2
YNL053W,2,1,2,1,4,3,1,2,3,3,2,2,2,1,3,3,3,2,3,3,1,2
YPR167C,3,1,1,1,4,1,1,1,1,2,1,1,1,3,1,1,1,1,2,2,3,1
YML033W,4,1,2,1,4,1,1,4,2,1,4,4,4,1,4,4,2,4,3,1,2,2
YML034W,4,1,2,1,4,1,1,2,2,1,2,2,2,1,4,4,2,2,3,1,2,2
YOR315W,4,1,3,1,4,1,1,2,1,1,4,3,4,1,4,4,2,2,3,1,3,2
YHL028W,4,1,3,1,4,1,1,2,1,1,2,3,2,1,1,1,2,2,3,1,3,2
YPL127C,2,3,3,3,3,2,3,2,2,2,2,3,2,2,2,2,2,2,2,2,2,2
YLL021W,2,3,2,3,3,3,3,2,3,3,2,3,2,1,3,1,3,2,1,3,1,2
YDR297W,2,3,2,3,3,3,4,2,3,3,2,2,2,1,3,1,3,2,1,1,1,2
YJR043C,2,2,1,3,3,3,4,2,3,3,2,2,2,1,1,1,3,2,3,3,1,2
YDR113C,2,3,1,3,3,3,4,2,3,3,2,2,2,2,1,1,3,2,2,3,1,2
YNL126W,3,1,1,4,4,3,4,1,3,3,1,1,1,2,1,1,3,1,2,3,1,1
YEL061C,2,1,1,1,4,3,4,2,3,3,2,2,2,2,1,1,3,2,2,3,1,2
YHR172W,2,2,1,3,3,3,4,2,3,3,2,2,2,2,3,3,3,2,2,3,1,2
YPR141C,2,1,1,4,4,3,4,1,3,3,1,1,1,1,3,1,3,1,1,3,1,1
YLR045C,2,1,3,1,4,2,4,2,2,2,2,3,2,1,1,1,2,2,3,1,2,2
YGR140W,2,1,1,3,3,3,4,2,3,3,2,2,2,2,3,1,3,2,2,3,1,2
YBL063W,2,1,3,4,4,3,4,1,1,3,1,3,1,1,1,1,3,1,3,3,3,1
YDR356W,2,3,3,3,1,3,4,1,3,3,1,3,1,1,1,1,1,1,3,1,1,1
YJR006W,2,1,2,4,4,3,1,1,1,3,1,1,1,1,3,1,3,1,1,3,3,1
YBL003C,4,3,3,2,2,2,2,4,1,2,2,3,2,2,4,4,2,4,2,2,3,2
YBL002W,2,3,2,2,2,2,2,2,2,2,2,2,2,2,2,2,2,2,2,2,2,2
YMR190C,3,1,1,1,4,3,4,2,3,3,2,2,2,1,1,1,3,2,3,3,1,2
YPL016W,2,1,2,1,4,3,4,2,3,3,2,3,2,1,3,1,3,2,3,1,1,2
YFR037C,2,1,2,4,4,3,4,3,3,3,3,2,2,2,3,3,3,3,3,3,1,2
YER001W,3,2,1,3,3,2,4,2,2,2,2,2,2,2,1,1,2,2,2,2,2,2
YER003C,2,3,2,3,3,2,4,2,2,2,2,2,2,2,3,2,2,2,2,2,2,2
YDL093W,2,2,3,2,2,3,4,2,3,3,2,3,2,1,3,3,3,2,1,3,1,2
YIR017C,3,3,3,1,4,3,1,1,1,3,1,3,1,1,1,1,1,1,3,1,3,1
YKR001C,2,3,1,3,1,2,4,1,2,2,1,1,1,3,1,1,1,1,3,2,2,1
YER118C,2,3,2,3,3,2,3,2,2,2,2,2,2,2,1,1,2,2,2,2,2,2
YER016W,2,3,2,2,2,2,2,2,2,2,2,2,2,2,2,2,2,2,2,2,2,2
YKR010C,2,1,2,1,4,3,1,1,3,3,1,1,1,1,3,1,3,1,1,3,1,1
YHR061C,3,3,1,4,4,3,4,2,3,3,2,2,2,2,2,2,3,2,2,3,1,2
YEL017W,2,1,2,1,4,3,1,1,1,3,1,1,3,3,2,2,1,1,1,1,3,3
YLL062C,2,3,2,1,4,3,1,1,3,3,1,1,3,1,3,2,1,1,1,1,1,3
YJL118W,2,3,3,2,2,2,2,2,2,2,2,3,2,1,1,1,2,2,3,1,2,2
YDR179C,2,1,1,1,4,3,1,2,3,3,2,2,2,1,3,1,3,2,1,3,1,2
YER018C,2,1,2,1,4,3,4,2,3,3,2,2,2,1,3,2,3,2,1,3,1,2
YBR156C,2,3,2,4,4,3,4,2,3,3,2,3,2,1,3,3,3,2,1,1,1,2
YBR184W,3,1,1,4,4,3,4,3,3,3,3,2,3,1,3,3,3,2,1,3,1,3
YLR228C,2,1,2,4,4,3,1,3,1,3,3,1,3,1,3,3,3,1,1,1,3,4
YDR252W,3,1,1,1,4,3,1,1,1,3,1,1,1,1,1,1,3,1,3,3,3,1
YBR007C,2,3,2,4,4,3,4,3,3,3,3,2,2,1,3,3,3,2,1,3,1,2
YEL018W,2,1,2,1,4,3,1,1,1,3,1,1,3,1,2,2,3,1,1,3,3,3
YER019W,2,2,2,3,3,3,4,2,3,3,2,2,2,1,3,1,3,2,1,3,1,2
YFR038W,2,2,2,3,3,3,4,2,3,3,2,2,2,2,3,3,3,2,2,3,1,2
YLL061W,2,1,2,1,4,3,1,1,1,3,1,1,3,1,3,2,1,1,1,1,3,3
YKL049C,2,3,3,1,4,2,1,2,1,2,2,3,2,2,1,1,2,2,2,2,3,2
YOR188W,2,1,2,4,4,3,4,2,3,3,2,2,2,1,3,3,3,2,1,3,1,2
YJR076C,2,1,3,1,4,3,1,2,3,3,2,2,2,2,1,1,3,2,2,3,1,2
YJL092W,2,1,2,1,4,3,1,2,3,3,2,2,2,1,3,1,3,2,1,3,1,2
YCR084C,2,1,2,1,4,3,1,2,3,3,2,2,2,1,3,3,3,2,1,3,1,2
YJR112W,2,1,2,1,4,2,1,1,1,2,1,1,1,2,1,1,1,1,2,2,3,1
YLL046C,3,1,1,1,4,3,1,1,1,3,1,1,3,3,3,2,3,1,1,3,3,3
YDR464W,3,1,1,1,4,3,1,2,3,3,2,2,2,2,3,2,3,2,2,3,1,2
YKL068W,4,1,3,1,2,3,4,2,3,3,2,2,2,1,3,3,3,2,1,3,1,2
YDR451C,2,1,1,1,4,2,1,2,2,2,2,2,2,2,1,1,2,2,2,2,2,2
YCR085W,2,1,2,1,4,3,1,2,3,3,2,2,2,1,3,3,3,2,1,3,1,2
YMR003W,2,1,1,1,4,3,1,2,3,3,2,2,2,2,1,1,3,2,2,3,1,2
YNR009W,2,3,2,1,4,2,1,2,2,2,2,3,2,2,1,1,2,2,3,2,2,2
YOR073W,2,1,3,1,4,3,1,2,1,3,2,3,2,1,1,1,3,2,3,1,3,2
YLL047W,3,1,1,1,4,3,1,3,3,3,3,1,1,3,3,3,3,1,2,3,1,1
YDR366C,3,1,1,1,4,3,1,1,3,3,1,1,1,2,3,1,3,1,2,3,1,1
YCR086W,2,1,2,1,4,3,1,2,3,3,2,2,2,2,3,2,3,2,2,3,1,2
YIL169C,2,3,3,4,4,3,4,2,1,3,2,3,2,1,1,1,3,2,3,1,3,2
YKL052C,2,1,2,1,4,3,4,2,3,3,2,2,2,1,3,1,3,2,1,3,1,2
YKL053W,2,1,2,1,4,2,1,1,1,2,1,1,1,3,1,1,1,1,2,2,3,1
YKL069W,2,1,2,1,4,3,1,2,3,3,2,2,2,1,3,2,3,2,1,3,1,2
YPL116W,2,1,2,1,4,3,1,2,1,3,2,2,3,1,3,2,3,2,1,3,3,3
YPL264C,3,1,1,1,4,2,1,1,1,2,1,1,1,3,1,1,1,1,3,2,3,1
YBR200W,4,4,4,2,2,4,2,3,4,4,4,4,4,4,4,3,4,4,4,4,4,4
YBR202W,1,4,4,2,2,1,2,4,4,1,4,4,4,4,4,4,4,3,4,4,4,4
YPR019W,4,4,3,2,1,4,2,4,4,4,4,3,4,4,4,4,4,4,4,4,4,4
YBL023C,1,4,2,3,3,1,3,3,4,1,4,3,4,1,3,3,4,3,3,1,4,4
YEL032W,1,4,2,2,2,4,2,3,4,4,4,4,4,4,3,3,4,3,4,4,4,4
YPL058C,4,4,3,4,4,1,2,4,4,1,4,3,4,4,4,4,4,4,3,4,4,4
YGR035C,4,3,3,1,4,1,1,4,4,1,4,3,4,1,4,4,4,4,3,1,4,4
YHL026C,1,4,4,4,4,4,1,4,4,4,4,4,4,4,4,4,4,4,4,4,4,4
YMR254C,4,4,3,1,4,1,1,4,4,1,4,3,4,4,4,4,4,3,3,4,4,4
YMR031C,4,4,4,1,4,1,1,4,4,1,4,4,4,4,4,4,4,4,4,4,4,4
YLR254C,1,4,4,2,2,1,2,2,4,4,4,2,4,4,4,4,4,3,4,4,4,4
YOR273C,4,4,4,1,4,1,1,4,4,1,4,4,4,4,4,4,4,4,4,4,4,4
YLR015W,1,1,1,1,4,1,1,3,1,1,4,2,4,2,1,3,3,3,2,3,3,2
YBR038W,4,1,3,4,4,1,1,2,1,1,4,3,4,1,4,3,2,2,3,1,3,2
YLR014C,1,2,4,3,3,3,3,3,3,1,4,2,4,2,3,3,3,3,2,3,1,2
YOR274W,1,1,3,4,4,3,4,3,3,3,4,3,4,4,3,3,3,3,4,3,1,4
YGL116W,4,1,3,4,4,1,1,2,4,1,4,3,4,1,4,3,4,3,3,1,4,4
YGR092W,4,1,3,4,4,1,1,3,4,1,4,3,4,1,4,3,4,3,3,1,4,4
YBR138C,4,1,3,1,4,1,1,2,1,1,4,3,4,1,4,4,4,2,3,1,3,4
YOR058C,1,1,2,1,4,3,1,2,3,3,2,2,2,1,3,3,3,2,3,3,1,2
YCR042C,4,4,4,2,2,1,2,4,4,4,4,4,4,4,4,4,4,4,4,4,4,4
YOR229W,4,4,4,1,4,1,1,4,4,1,4,4,4,4,4,4,4,4,4,4,4,4
YKL130C,2,1,2,1,4,1,1,2,2,1,4,2,4,1,4,3,2,2,3,1,2,2
YIL162W,4,1,3,1,4,4,1,2,4,4,4,3,2,4,4,3,4,2,3,4,4,4
YDL138W,1,1,4,1,4,1,1,4,4,1,4,4,4,4,4,4,4,4,4,4,4,4
YDL048C,2,1,3,1,4,4,1,3,1,4,3,3,3,4,3,3,4,4,3,4,3,4
YGR143W,4,1,3,1,4,1,1,2,4,1,4,3,4,4,4,4,4,3,3,4,4,4
YKL129C,4,1,4,1,4,4,1,4,4,4,4,4,4,4,4,4,4,4,4,4,4,4
YIL167W,4,4,4,4,4,1,2,4,4,1,4,4,4,4,4,4,4,4,4,4,4,4
YHR152W,4,4,3,1,4,4,1,4,4,4,4,3,4,4,4,4,4,4,4,4,4,4
YJL079C,1,4,4,2,2,1,2,3,4,4,4,4,4,4,4,3,4,3,4,4,4,4
YAR018C,4,4,3,4,4,4,4,3,4,4,4,3,4,4,4,3,4,3,3,4,4,4
YAL022C,1,4,4,3,3,1,3,4,4,1,4,4,4,4,4,4,4,3,4,4,4,4
YGR279C,4,3,4,4,4,1,3,4,4,1,4,4,4,4,4,4,4,4,4,4,4,4
YGL201C,1,4,4,2,2,1,2,3,4,1,4,4,4,4,4,3,4,3,4,4,4,4
YNL057W,4,3,3,4,4,1,1,4,4,1,4,3,4,4,4,4,4,4,3,4,4,4
YML119W,1,1,3,4,4,1,1,2,1,1,4,3,4,4,4,4,4,3,3,4,3,4
YOL137W,4,1,4,1,4,1,1,4,4,1,4,4,4,4,4,4,4,3,3,4,4,4
YPL186C,3,1,1,1,4,3,1,3,1,3,3,1,3,4,2,3,3,1,4,3,3,4
YCL038C,4,4,3,4,4,4,4,3,4,4,4,3,4,1,4,3,4,4,3,1,4,4
YKR021W,2,1,2,4,4,3,1,3,1,3,4,2,4,1,3,3,3,2,3,3,3,4
YPR157W,1,1,3,1,4,4,1,2,1,4,2,3,4,4,3,4,4,2,4,4,3,4
YJL051W,2,1,3,1,4,4,1,2,4,1,4,3,4,1,3,4,4,2,1,1,4,4
YOL014W,4,1,4,1,4,1,1,2,1,4,2,2,4,4,4,4,4,2,3,4,3,4
YGR230W,1,1,2,1,4,4,1,3,4,4,4,3,4,4,3,3,4,3,4,4,4,4
YLR190W,4,1,3,1,4,4,1,4,1,1,4,3,4,1,4,4,4,4,3,1,3,4
YMR032W,4,1,3,1,4,1,1,2,2,1,4,3,4,1,4,4,2,2,3,1,2,2
YOL070C,4,3,3,1,4,1,1,4,4,1,4,3,4,4,4,4,4,4,3,4,4,4
YLR297W,4,4,4,1,4,1,1,4,4,4,4,4,4,4,4,4,4,4,4,4,4,4
YHR151C,4,3,3,2,2,1,4,2,2,1,4,2,4,1,4,3,2,2,3,1,2,2
YNL058C,4,3,3,4,4,1,1,4,4,1,4,3,4,4,4,4,4,4,3,4,4,4
YER111C,2,4,2,2,1,4,2,3,4,4,4,3,4,4,3,3,4,3,4,4,4,4
YML109W,2,2,3,2,2,3,2,3,3,3,3,3,2,2,3,3,3,2,2,3,1,2
YNR016C,3,3,4,2,1,4,2,4,4,4,3,4,3,3,3,4,4,4,1,1,4,3
YBR067C,3,4,1,3,1,4,3,3,4,4,3,1,3,4,3,3,4,1,4,4,4,4
YGL055W,3,4,1,3,1,4,3,1,4,4,1,1,3,3,3,2,1,1,4,4,4,3
YLR050C,4,4,4,2,2,1,2,4,4,1,2,4,4,4,4,4,4,4,4,4,4,4
YGR109C,1,2,4,2,1,2,2,4,2,2,4,4,4,3,4,4,1,3,2,2,2,3
YPR120C,1,2,4,2,2,2,2,4,2,2,4,4,4,2,3,4,2,3,2,2,2,2
YDL127W,1,2,4,2,1,1,2,3,2,1,4,4,4,3,4,3,1,3,2,2,2,3
YNL289W,2,2,2,2,2,2,2,2,2,2,2,2,2,2,3,3,2,2,2,2,2,2
YPL256C,1,2,4,2,2,2,2,3,2,2,3,2,2,2,3,3,2,2,2,2,2,2
YMR199W,4,2,2,2,2,2,2,2,2,2,2,2,2,2,4,4,2,2,2,2,2,2
YJL187C,2,2,2,2,2,2,2,2,2,2,2,3,2,2,3,2,2,2,2,2,2,2
YDL003W,4,2,4,2,2,2,2,4,2,2,2,4,4,2,4,4,2,4,2,2,2,2
YMR076C,4,2,4,2,2,2,2,4,2,2,2,4,2,2,3,4,2,4,2,2,2,2
YKL042W,4,2,3,2,2,2,2,2,2,2,2,2,4,2,4,4,2,2,2,2,2,2
YFL008W,1,2,1,2,1,2,2,1,2,2,1,1,1,3,1,1,1,3,2,2,2,1
YPL241C,4,2,3,2,1,2,2,1,2,2,1,3,1,2,1,1,1,1,3,2,2,1
YMR078C,2,2,2,2,1,2,2,3,2,2,3,4,3,3,3,3,1,3,2,2,2,3
YLR212C,4,2,2,2,2,2,2,3,2,1,4,3,4,2,4,3,2,3,2,2,2,2
YNL225C,1,3,2,2,2,1,2,2,2,1,2,3,4,2,4,4,2,3,2,2,2,2
YPL209C,2,3,1,3,1,3,3,1,3,3,1,1,1,3,3,1,3,1,2,3,1,1
YJL074C,4,2,3,2,1,2,2,1,2,2,1,3,1,2,1,1,1,1,2,2,2,1
YNL233W,3,2,1,2,1,2,2,3,2,2,4,1,3,3,2,3,1,3,2,2,2,3
YLR313C,3,2,1,3,1,3,3,1,3,3,1,1,1,3,1,1,1,1,2,3,1,1
YGR041W,4,4,3,2,1,1,2,4,4,1,4,3,4,3,4,4,1,4,4,4,4,1
YGR152C,1,2,2,2,2,2,2,3,2,2,3,2,3,3,2,3,2,3,2,2,2,3
YDR507C,4,3,3,2,1,2,2,4,2,2,1,3,1,3,4,4,1,4,2,2,2,1
YIL159W,2,2,2,2,2,3,2,3,3,3,3,2,2,1,3,3,3,2,1,3,1,2
YGL027C,4,3,3,2,2,2,2,4,2,2,3,3,3,1,4,4,2,4,1,1,2,3
YML102W,1,2,2,2,1,2,2,3,2,2,4,4,4,3,2,2,1,3,2,2,2,3
YPR018W,3,4,1,2,1,4,2,1,4,4,1,1,1,3,1,1,1,1,4,4,4,1
YBL035C,1,2,4,2,1,2,2,3,2,2,4,4,4,3,3,3,1,3,2,2,2,3
YNL102W,3,2,1,2,1,2,2,1,2,2,1,1,1,3,1,1,1,1,2,2,2,1
YBR278W,1,2,1,3,3,2,3,3,2,2,3,1,4,3,3,3,1,3,2,2,2,1
YPR175W,1,4,4,2,1,4,2,4,4,4,1,4,4,4,3,4,1,3,4,4,4,1
YNL262W,4,4,3,2,1,4,2,4,4,4,1,3,4,3,4,4,1,4,4,4,4,1
YBR088C,4,2,4,2,1,2,2,4,2,2,1,4,3,3,4,4,1,4,2,2,2,3
YLR103C,2,2,2,2,1,2,2,3,2,2,3,4,3,3,3,3,1,4,2,2,2,3
YAR007C,1,2,4,2,1,2,2,4,2,1,1,4,4,3,4,4,1,3,2,2,2,1
YNL312W,3,2,1,2,1,2,2,1,2,2,1,1,3,3,2,2,1,1,2,2,2,3
YJL173C,2,3,2,2,1,2,2,4,2,1,1,3,3,3,2,2,1,4,2,2,2,3
YER070W,1,2,2,2,1,2,2,4,2,2,3,4,3,3,4,4,1,3,2,2,2,3
YOR074C,2,2,1,2,1,2,2,1,2,2,1,1,1,2,1,1,1,1,2,2,2,1
YDL164C,1,2,4,2,1,2,2,4,2,1,4,4,4,3,4,4,1,3,2,2,2,3
YKL045W,1,2,1,3,3,2,3,1,2,2,1,1,1,3,1,1,1,1,2,2,2,1
YBR252W,4,3,4,2,2,2,2,4,2,1,2,4,4,2,4,4,2,4,2,2,2,2
YLR032W,1,4,4,2,2,4,2,2,4,4,2,2,2,4,4,4,4,2,4,4,4,4
YML060W,2,2,2,2,2,3,2,3,3,3,3,2,2,1,3,3,3,2,1,3,1,2
YDR097C,4,2,3,2,1,2,2,4,2,2,1,3,1,3,4,4,1,4,2,2,2,1
YNL082W,1,2,4,2,1,1,2,4,2,1,4,4,4,3,4,4,1,3,2,2,2,3
YOL090W,4,2,3,2,1,2,2,1,2,2,1,3,1,2,1,1,1,1,2,2,2,1
YLR383W,3,2,3,2,1,3,2,1,3,3,1,3,3,3,3,2,1,1,2,3,1,3
YKL113C,2,2,2,2,1,2,2,3,2,2,3,3,3,3,2,2,1,3,2,2,2,3
YLR234W,3,3,2,2,1,2,2,3,1,1,4,3,3,3,2,2,1,3,2,2,3,3
YPL153C,4,2,1,2,1,2,2,1,2,2,1,1,1,3,1,1,1,1,2,2,2,1
YDL101C,1,2,3,2,2,2,2,2,2,2,2,2,2,2,2,3,2,2,2,2,2,2
YML021C,1,2,3,2,2,2,2,2,2,2,2,2,2,2,2,2,2,2,2,2,2,2
YML061C,3,2,1,2,2,3,2,2,3,3,2,2,2,2,3,1,3,2,2,3,1,2
YMR179W,1,2,3,2,2,2,2,2,2,2,4,2,4,2,4,3,2,3,2,2,2,2
YML027W,4,2,4,2,2,2,2,2,2,2,2,2,4,2,3,3,2,2,2,2,2,2
YDL227C,4,2,3,2,2,2,2,2,2,1,2,3,4,2,4,4,2,3,2,2,2,2
YLR382C,3,4,4,2,1,4,2,3,4,4,3,4,3,4,3,3,4,4,4,4,4,4
YJL196C,1,2,1,2,1,1,2,1,2,1,1,1,4,3,1,1,1,3,2,2,2,1
YKL165C,3,2,1,2,1,1,2,1,2,2,1,1,3,3,2,2,1,1,2,2,2,3
YLL002W,2,3,2,2,1,1,2,4,2,1,4,3,4,3,2,2,1,3,2,2,2,3
YPL124W,4,3,3,2,1,2,2,1,2,2,1,3,1,3,1,1,1,1,3,1,2,1
YKL101W,4,3,3,2,1,2,2,4,2,2,1,3,1,3,4,4,1,4,3,2,2,1
YLR457C,3,4,1,2,1,4,2,3,4,4,4,1,3,4,3,3,4,1,4,4,4,4
YBR070C,3,2,1,2,1,2,2,3,2,2,3,1,3,3,3,3,1,1,2,2,2,3
YLR233C,1,2,3,2,2,2,2,2,2,2,2,3,2,2,1,1,2,2,2,2,2,2
YPL057C,2,4,3,2,1,4,2,3,4,4,3,3,1,1,1,3,1,1,3,1,4,1
YBR073W,4,4,3,2,1,4,2,4,4,4,3,3,3,1,3,4,4,4,1,1,4,3
YGL200C,3,3,4,2,1,1,2,4,2,1,1,4,4,3,2,2,1,4,2,2,2,3
YHR153C,4,2,3,2,1,2,2,1,2,2,1,3,4,3,1,1,1,3,2,2,2,1
YNL272C,1,3,3,2,1,1,2,1,2,1,1,3,4,2,1,1,1,1,3,2,2,1
YKR077W,4,4,4,2,1,1,2,4,4,1,4,4,4,3,4,4,1,4,4,4,4,3
YDL105W,4,4,4,2,1,4,2,4,4,4,4,4,3,4,4,4,4,4,4,4,4,4
YPL267W,1,2,1,2,1,2,2,1,2,2,1,1,4,3,1,1,1,3,2,2,2,1
YDL156W,1,4,3,2,1,1,2,4,4,4,4,3,4,3,2,2,1,3,4,4,4,3
YOL017W,4,4,3,2,1,4,2,1,4,4,1,3,4,3,1,1,1,1,4,4,4,1
YBR071W,4,4,4,2,1,1,2,4,4,1,4,4,4,4,4,4,4,4,4,4,4,4
YLL022C,1,2,3,2,2,2,2,2,2,2,2,3,2,2,4,4,2,3,2,2,2,2
YLR236C,3,2,4,2,1,2,2,4,2,2,3,4,3,3,2,2,1,4,2,2,2,3
YCL022C,4,4,3,2,1,4,2,4,4,4,4,3,4,4,4,4,4,4,4,4,4,4
YCL024W,4,2,3,2,1,2,2,3,2,2,3,3,1,3,3,3,1,3,3,2,2,1
YLR121C,3,2,3,2,2,3,2,2,3,3,2,2,2,2,3,3,3,2,2,3,1,2
YHR154W,3,2,1,2,1,2,2,1,2,2,1,1,1,3,1,1,1,1,2,2,2,1
YHR110W,3,2,1,2,1,1,2,1,2,1,1,1,3,3,2,2,1,1,2,2,2,3
YDL010W,2,3,3,2,1,4,2,1,1,4,1,3,3,3,2,2,1,1,3,1,3,3
YPR174C,1,2,1,3,3,2,3,3,2,2,3,1,3,3,2,3,1,3,2,2,2,3
YJL181W,1,2,3,2,1,2,2,4,2,2,1,3,4,2,4,4,1,3,2,2,2,1
YLR183C,1,2,1,2,1,2,2,1,2,2,1,1,1,3,1,1,1,3,2,2,2,1
YOL007C,3,2,1,2,1,2,2,3,2,2,3,1,3,3,3,3,1,1,2,2,2,3
YIL026C,3,2,1,2,1,3,2,1,3,3,1,1,1,3,3,1,1,1,2,3,1,1
YKL108W,3,2,1,3,3,3,3,1,3,3,1,1,1,3,1,1,3,1,2,3,1,1
YLR326W,3,3,1,3,1,3,3,1,1,3,1,1,3,3,2,2,1,1,2,3,3,3
YLR381W,3,2,1,2,1,3,2,3,3,3,3,1,3,3,3,3,3,1,2,3,1,3
YNL273W,2,2,2,2,1,2,2,3,2,1,4,3,4,3,3,3,1,3,2,2,2,3
YJL018W,3,2,1,3,1,2,3,1,1,2,1,1,1,3,1,1,1,1,3,2,3,1
YBR089W,4,2,4,2,1,2,2,4,2,2,1,4,3,3,4,4,1,4,2,2,2,3
YLR349W,4,3,3,2,2,2,2,2,2,1,2,3,4,2,4,4,2,2,3,2,2,2
YCL061C,4,2,3,2,1,2,2,1,2,2,1,3,1,1,1,1,1,1,3,1,2,1
YDR309C,1,2,4,2,2,1,2,4,2,1,4,4,4,2,4,4,2,4,2,2,2,2
YKR013W,3,2,1,2,2,2,2,2,2,2,2,2,2,2,2,2,2,2,2,2,2,2
YDL018C,1,2,1,2,1,2,2,1,2,2,1,1,4,3,1,1,1,3,2,2,2,1
YKR083C,4,3,4,2,2,1,2,4,2,1,4,4,4,3,4,4,2,4,2,2,2,3
YDR383C,4,4,1,2,1,1,2,1,4,4,1,1,1,4,1,1,1,1,4,4,4,1
YDR013W,2,2,3,3,1,2,3,1,2,2,1,3,1,2,1,1,1,1,2,2,2,1
YGR238C,3,4,3,3,1,3,3,3,3,3,3,3,3,4,3,2,3,1,4,3,1,4
YNL309W,3,2,1,3,1,1,3,1,2,1,4,1,3,3,2,2,1,1,2,2,2,3
YPL208W,1,2,1,3,1,2,3,1,2,2,1,1,1,3,1,1,1,1,2,2,2,1
YLR376C,3,3,2,3,1,3,3,3,3,3,3,1,3,3,3,2,1,1,2,3,1,3
YNL300W,2,2,1,2,1,3,2,1,3,3,1,1,1,2,3,1,3,1,2,3,1,1
YAR003W,1,2,1,3,3,3,4,3,3,3,3,2,2,2,3,3,3,2,2,3,1,2
YCL060C,1,2,1,2,1,2,2,1,2,2,1,1,1,3,1,1,1,1,3,2,2,1
YDL103C,1,2,2,3,3,2,3,3,2,2,4,4,4,3,3,3,1,3,2,2,2,3
YNL303W,1,2,4,2,2,2,2,4,2,2,4,4,4,3,4,4,2,3,2,2,2,3
YNL310C,3,4,1,2,1,4,2,3,4,4,4,1,3,3,2,2,1,3,4,4,4,3
YOR144C,3,2,2,2,2,2,2,3,2,2,4,4,3,3,3,3,2,3,2,2,2,3
YDR488C,2,2,1,3,1,2,3,1,2,2,1,1,1,3,1,1,1,1,2,2,2,1
YOR026W,2,2,2,3,3,2,3,3,2,2,3,2,2,1,3,3,2,2,1,1,2,2
YIL140W,3,2,1,2,1,2,2,1,2,2,1,1,1,3,1,1,1,1,2,2,2,1
YKL067W,3,3,4,2,1,1,2,4,1,1,1,4,3,3,2,2,1,4,4,4,3,3
YJL115W,3,1,1,4,4,3,3,1,1,3,1,1,1,3,1,1,1,1,2,3,3,1
YDL197C,3,2,1,2,1,3,2,1,3,3,1,1,1,3,1,1,1,1,2,3,1,1
YCR065W,2,2,2,2,2,2,2,3,2,2,3,2,2,1,3,3,2,2,1,1,2,2
YBR275C,2,2,2,2,2,3,2,3,3,3,3,3,2,1,3,3,3,4,1,1,1,2
YKL127W,4,2,3,2,2,2,2,2,2,2,2,2,2,2,1,1,2,2,2,2,2,2
YAR008W,1,2,2,2,1,2,2,1,2,2,1,1,1,2,1,1,1,3,2,2,2,1
YDL095W,3,2,3,2,2,2,2,4,2,2,2,3,3,3,2,2,2,4,2,2,2,3
YOL019W,2,3,3,2,1,1,2,4,2,1,1,3,4,3,4,4,1,4,3,1,2,3
YLR151C,3,4,3,3,1,4,3,1,1,4,1,3,3,3,2,2,1,1,4,4,3,3
YOR284W,3,2,1,2,1,3,2,3,3,3,3,1,3,3,3,2,3,1,2,3,1,3
YMR048W,1,4,1,3,1,1,3,1,1,4,1,1,4,3,1,1,1,3,4,4,3,1
YJR155W,3,2,1,2,1,1,2,1,2,2,1,1,3,3,2,2,1,1,2,2,2,3
YLR126C,3,3,1,3,3,1,3,1,1,1,1,1,3,3,2,2,1,1,2,2,3,3
YNL304W,2,2,2,2,2,2,2,2,2,2,2,2,2,2,3,3,2,2,2,2,2,2
YGR189C,3,4,4,3,1,4,3,4,4,4,3,4,3,4,3,2,4,4,4,4,4,4
YAL034W-A,4,2,2,2,2,3,2,3,3,3,3,3,2,1,3,3,3,2,1,3,1,2
YBR276C,1,2,2,2,2,3,2,3,3,3,3,2,2,1,3,3,3,2,1,3,1,2
YDL096C,3,2,1,2,1,3,4,1,3,3,1,1,1,2,1,1,3,1,3,3,1,1
YFR026C,3,4,1,2,1,4,2,3,4,4,3,1,3,3,2,2,4,1,4,4,4,3
YFR027W,3,2,2,2,1,3,2,3,3,3,3,1,3,3,3,3,3,3,2,3,1,3
YNL072W,4,3,4,2,1,1,2,4,2,1,4,4,4,3,4,4,1,4,2,2,2,3
YDL179W,4,3,4,2,1,1,2,4,4,1,4,4,4,4,4,4,4,4,3,4,4,4
YLR079W,4,4,4,2,1,1,2,4,4,1,4,4,4,4,4,4,4,4,4,4,4,4
YJL194W,2,4,2,3,1,1,3,4,4,1,4,4,4,4,4,4,4,4,4,4,4,4
YLR274W,4,4,4,2,1,1,2,4,4,1,4,4,4,4,4,4,4,4,4,4,4,4
YGR044C,4,4,4,2,1,1,2,4,4,4,4,4,4,4,4,4,4,4,4,4,4,4
YJL157C,4,4,4,2,2,1,2,4,4,1,4,4,4,4,4,4,4,4,4,4,4,4
YKL185W,4,4,4,2,1,1,2,4,4,1,4,4,4,4,4,4,4,4,4,4,4,4
YHR005C,1,4,4,2,2,1,2,4,4,1,4,4,4,4,4,4,4,4,4,4,4,4
YNR001C,4,4,4,2,1,1,2,4,4,4,4,4,4,4,4,4,4,4,4,4,4,4
YKL150W,4,3,4,2,1,1,2,4,4,1,4,4,4,4,4,4,4,4,3,4,4,4
YLR395C,4,4,4,2,1,1,2,4,4,1,4,4,4,4,4,4,4,4,4,4,4,4
YOR065W,4,4,4,2,1,1,2,4,4,1,4,4,4,4,4,4,4,4,4,4,4,4
YDL181W,4,4,4,2,1,1,2,4,4,1,4,4,4,4,4,4,4,4,4,4,4,4
YGR183C,4,4,4,2,2,1,2,4,4,1,4,4,4,4,4,4,4,4,4,4,4,4
YLR258W,4,4,4,2,2,1,2,4,4,4,2,4,4,4,4,4,4,4,4,4,4,4
YML110C,1,4,4,2,1,1,2,4,4,1,4,4,4,4,4,4,4,3,4,4,4,4
YLR273C,4,4,4,2,1,4,2,3,4,4,4,4,4,4,4,3,4,4,4,4,4,4
YCR005C,4,4,3,2,2,1,2,2,4,1,4,3,4,4,4,4,4,2,3,4,4,4
YCL040W,4,4,4,2,1,1,2,4,4,4,1,4,4,4,4,4,4,4,4,4,4,4
YMR256C,4,3,4,2,1,1,2,4,4,1,4,4,4,4,4,4,4,4,4,4,4,4
YIL009W,4,4,4,2,1,1,2,4,4,1,4,4,4,4,4,4,4,4,4,4,4,4
YLL040C,4,4,4,2,1,1,2,4,4,1,4,4,4,4,4,4,4,4,4,4,4,4
YGR281W,4,4,4,2,2,1,2,4,4,1,4,4,4,4,4,4,4,4,4,4,4,4
YBR083W,4,3,4,2,1,1,2,4,4,1,4,4,4,4,4,4,4,4,4,4,4,4
YBR054W,1,4,4,2,2,1,2,4,4,4,4,4,4,4,4,4,4,3,4,4,4,4
YKL116C,4,4,4,2,1,1,2,4,4,1,4,4,4,4,4,4,4,4,4,4,4,4
YPR002W,4,4,3,2,1,4,2,4,4,4,4,3,4,4,4,4,4,4,4,4,4,4
YNR067C,4,4,4,2,1,1,2,4,4,1,4,4,4,4,4,4,4,4,4,4,4,4
YBR158W,4,4,4,2,2,1,2,4,4,1,4,4,4,4,4,4,4,4,4,4,4,4
YDL117W,4,4,4,2,1,1,2,4,4,1,4,4,4,4,4,4,4,4,4,4,4,4
YMR007W,2,4,4,2,2,1,2,4,4,1,4,4,4,4,4,4,4,4,4,4,4,4
YNL046W,4,4,4,2,1,1,2,4,4,1,4,4,4,4,4,4,4,4,4,4,4,4
YOR264W,4,4,4,2,1,1,2,4,4,1,4,4,4,4,4,4,4,4,4,4,4,4
YPL066W,4,4,3,2,1,1,2,4,4,1,4,3,4,4,4,4,4,4,3,4,4,4
YBR052C,4,4,4,2,1,1,2,4,4,4,4,4,4,4,4,4,4,4,4,4,4,4
YPL158C,4,4,4,2,1,4,2,4,4,4,4,4,4,4,4,4,4,4,4,4,4,4
YHR022C,4,4,4,2,1,1,2,4,4,4,4,4,4,4,4,4,4,4,4,4,4,4
YPL004C,4,4,4,2,1,1,2,4,4,1,4,4,4,4,4,4,4,4,3,4,4,4
YBR157C,4,4,4,2,1,1,2,4,4,4,4,4,4,4,4,4,4,4,4,4,4,4
YNL078W,4,4,4,2,1,1,2,4,4,1,4,4,4,4,4,4,4,4,4,4,4,4
YOR066W,4,4,4,2,2,1,2,4,4,1,4,4,4,4,4,4,4,4,4,4,4,4
YBR053C,4,4,4,2,1,1,2,4,4,4,4,4,4,4,4,4,4,4,4,4,4,4
YDR511W,3,4,4,2,1,1,2,4,4,4,4,4,4,4,4,4,4,4,4,4,4,4
YDR033W,4,4,4,2,2,1,2,4,4,1,4,4,4,4,4,4,4,4,4,4,4,4
YKL163W,1,4,4,2,1,1,2,4,4,1,4,4,4,4,4,4,4,4,4,4,4,4
YBR231C,4,4,4,2,1,4,2,4,4,4,4,4,4,4,4,4,4,4,4,4,4,4
YDR368W,3,4,4,2,1,1,2,4,4,4,4,4,4,4,2,2,4,4,4,4,4,4
YLR049C,4,4,4,2,1,1,2,4,4,1,4,4,4,4,4,4,4,4,4,4,4,4
YLR286C,4,4,4,2,2,1,2,4,4,1,4,4,4,4,4,4,4,4,4,4,4,4
YHR038W,4,4,4,2,2,1,2,4,4,1,4,4,4,4,4,4,4,4,4,4,4,4
YGL089C,1,3,4,2,1,1,2,4,2,1,4,4,4,3,4,4,1,4,2,2,2,1
YPL187W,1,4,4,2,1,1,2,4,4,1,4,4,4,4,4,4,4,4,4,4,4,4
YNL173C,4,4,4,2,1,1,2,4,4,1,4,4,4,4,4,4,4,4,4,4,4,4
YJR148W,1,4,4,2,1,1,2,4,4,1,4,4,4,4,4,4,4,4,4,4,4,4
YOR317W,4,4,4,2,1,1,2,4,4,1,4,4,4,4,4,4,4,4,4,4,4,4
YOR316C,4,4,4,2,2,1,2,4,4,4,4,4,4,4,4,4,4,4,4,4,4,4
YPL014W,4,4,3,2,1,1,2,1,4,4,1,3,4,4,1,1,4,1,4,4,4,4
YJL078C,4,4,4,2,1,1,2,4,4,1,4,4,4,4,4,4,4,4,3,4,4,4
YKL161C,4,4,3,2,2,1,2,4,4,1,4,3,4,4,4,4,4,4,3,4,4,4
YHR113W,1,2,4,2,2,1,2,3,2,1,4,4,4,2,4,3,2,3,2,2,2,2
YDL119C,4,4,3,2,1,1,2,4,4,4,4,3,4,4,4,4,4,4,3,4,4,4
YDL124W,3,4,4,2,1,4,2,4,4,4,4,4,3,4,4,4,4,4,4,4,4,4
YHR039C,4,4,3,2,2,1,2,4,4,1,4,3,4,4,4,4,4,4,3,4,4,4
YDR493W,4,4,4,2,1,1,2,4,4,4,4,4,4,4,4,4,4,4,4,4,4,4
YGL028C,4,4,4,2,2,1,2,4,4,1,4,4,4,4,4,4,4,4,4,4,4,4
YNL073W,4,4,4,2,1,1,2,4,4,1,4,4,4,4,4,4,4,4,4,4,4,4
YER017C,2,4,2,2,1,4,2,4,4,4,4,4,4,4,4,4,4,4,4,4,4,4
YKL066W,3,3,4,2,1,4,2,4,4,4,4,4,3,4,4,4,4,4,4,4,4,4
YAL040C,4,4,4,2,2,4,2,4,4,1,4,4,4,4,4,4,4,4,4,4,4,4
